{
  "config": {
    "rotation_speed": 12,
    "mining_range": 3,
    "debug_mode": false
  },
  "positions": [
    {
      "center_x": -48.5,
      "center_y": 173,
      "center_z": 135.5,
      "blocks": [
        "block.minecraft.light_blue_wool",
        "block.minecraft.prismarine",
        "block.minecraft.polished_diorite",
        "block.minecraft.dark_prismarine"
      ],
      "pickbolus": {
        "yaw": 125.3,
        "pitch": -11.3
      },
      "randomer": {
        "x": 0.9,
        "y": 0.9,
        "yaw": 0.9,
        "pitch": 0.9
      },
      "custom_rotations": [
        {"x": -47, "y": 176, "z": 136, "yaw": -63.6, "pitch": -31.9},
        {"x": -51, "y": 173, "z": 136, "yaw": 63.6, "pitch": 15.5},
        {"x": -53, "y": 173, "z": 133, "yaw": 122.3, "pitch": 12.9},
        {"x": -46, "y": 173, "z": 139, "yaw": -34.8, "pitch": 12.9},
        {"x": -50, "y": 177, "z": 136, "yaw": 44.8, "pitch": -59.2},
        {"x": -52, "y": 173, "z": 135, "yaw": 90.2, "pitch": 11.8},
        {"x": -51, "y": 174, "z": 131, "yaw": 147.1, "pitch": 0.8},
        {"x": -53, "y": 173, "z": 135, "yaw": 90.5, "pitch": 9.2},
        {"x": -49, "y": 175, "z": 138, "yaw": 0.2, "pitch": -7.3},
        {"x": -50, "y": 177, "z": 132, "yaw": 160.2, "pitch": -37.4},
        {"x": -52, "y": 173, "z": 131, "yaw": 141.9, "pitch": 8.3},
        {"x": -52, "y": 172, "z": 132, "yaw": 133.8, "pitch": 21.2},
        {"x": -52, "y": 172, "z": 133, "yaw": 124.0, "pitch": 23.9},
        {"x": -47, "y": 172, "z": 138, "yaw": -33.4, "pitch": 24.6},
        {"x": -51, "y": 172, "z": 133, "yaw": 132.4, "pitch": 29.4},
        {"x": -48, "y": 175, "z": 138, "yaw": -18.7, "pitch": -6.9},
        {"x": -52, "y": 177, "z": 135, "yaw": 89.5, "pitch": -38.4},
        {"x": -46, "y": 173, "z": 138, "yaw": -40.2, "pitch": 15.9},
        {"x": -47, "y": 172, "z": 137, "yaw": -45.5, "pitch": 30.1},
        {"x": -48, "y": 172, "z": 137, "yaw": -26.9, "pitch": 35.3},
        {"x": -47, "y": 172, "z": 136, "yaw": -64.4, "pitch": 35.8},
        {"x": -60, "y": 174, "z": 130, "yaw": 108.4, "pitch": 27.1},
        {"x": -47, "y": 172, "z": 139, "yaw": -24.5, "pitch": 21.9},
        {"x": -53, "y": 177, "z": 135, "yaw": 90, "pitch": -33.2},
        {"x": -51, "y": 178, "z": 132, "yaw": 111.2, "pitch": -54.3},
        {"x": -51, "y": 178, "z": 133, "yaw": 127.8, "pitch": -49.5},
        {"x": -51, "y": 178, "z": 134, "yaw": 109.8, "pitch": -55.4}
      ],
      "blacklist": [
        {"x": -47, "y": 175, "z": 137},
        {"x": -48, "y": 176, "z": 133},
        {"x": -51, "y": 173, "z": 132},
        {"x": -53, "y": 173, "z": 134},
        {"x": -49, "y": 176, "z": 132},
        {"x": -48, "y": 171, "z": 134},
        {"x": -50, "y": 172, "z": 137},
        {"x": -49, "y": 172, "z": 137},
        {"x": -50, "y": 172, "z": 133},
        {"x": -50, "y": 173, "z": 132},
        {"x": -49, "y": 176, "z": 137},
        {"x": -52, "y": 172, "z": 135},
        {"x": -51, "y": 172, "z": 135},
        {"x": -51, "y": 172, "z": 136},
        {"x": -49, "y": 176, "z": 138},
        {"x": -49, "y": 172, "z": 138},
        {"x": -50, "y": 177, "z": 137},
        {"x": -49, "y": 176, "z": 137},
        {"x": -53, "y": 173, "z": 131},
        {"x": -53, "y": 172, "z": 135},
        {"x": -52, "y": 177, "z": 131},
        {"x": -53, "y": 172, "z": 132},
        {"x": -53, "y": 178, "z": 131},
        {"x": -52, "y": 178, "z": 132},
        {"x": -52, "y": 178, "z": 133},
        {"x": -53, "y": 178, "z": 132},
        {"x": -53, "y": 178, "z": 134}
      ]
    },
    {
      "center_x": -56.5,
      "center_y": 175,
      "center_z": 131.5,
      "blocks": [
        "block.minecraft.light_blue_wool",
        "block.minecraft.prismarine",
        "block.minecraft.polished_diorite",
        "block.minecraft.dark_prismarine"
      ],
      "pickbolus": {
        "yaw": -68.4,
        "pitch": 10.4
      },
      "randomer": {
        "x": 0.7,
        "y": 0.7,
        "yaw": 0.7,
        "pitch": 0.7
      },
      "custom_rotations": [
        {"x": -57, "y": 175, "z": 128, "yaw": 180, "pitch": 26.6},
        {"x": -56, "y": 174, "z": 134, "yaw": -19.2, "pitch": 27.4},
        {"x": -54, "y": 177, "z": 130, "yaw": -99.5, "pitch": -16.2},
        {"x": -55, "y": 178, "z": 130, "yaw": -104.1, "pitch": -43.2},
        {"x": -54, "y": 174, "z": 141, "yaw": -90.5, "pitch": 28.5},
        {"x": -57, "y": 179, "z": 133, "yaw": -0.5, "pitch": -62.4},
        {"x": -55, "y": 179, "z": 133, "yaw": -48.9, "pitch": -39.5},
        {"x": -60, "y": 176, "z": 128, "yaw": 130.1, "pitch": 1.3},
        {"x": -60, "y": 178, "z": 128, "yaw": 127.2, "pitch": -22.1},
        {"x": -54, "y": 179, "z": 132, "yaw": -71.5, "pitch": -37.0},
        {"x": -54, "y": 179, "z": 133, "yaw": -56.5, "pitch": -33.4},
        {"x": -55, "y": 174, "z": 132, "yaw": -63.2, "pitch": 36.9},
        {"x": -69, "y": 174, "z": 130, "yaw": 107.7, "pitch": 27.4},
        {"x": -54, "y": 174, "z": 131, "yaw": -90.1, "pitch": 28.3},
        {"x": -55, "y": 174, "z": 131, "yaw": -90.1, "pitch": 39.5},
        {"x": -56, "y": 178, "z": 134, "yaw": -18.7, "pitch": -23.3},
        {"x": -60, "y": 179, "z": 129, "yaw": 117.4, "pitch": -36.1},
        {"x": -60, "y": 174, "z": 130, "yaw": 108, "pitch": 27.7},
        {"x": -55, "y": 175, "z": 129, "yaw": -128.1, "pitch": 24.0},
        {"x": -59, "y": 179, "z": 129, "yaw": 127.0, "pitch": -48.8},
        {"x": -55, "y": 176, "z": 129, "yaw": -127.2, "pitch": 2},
        {"x": -60, "y": 179, "z": 132, "yaw": 71.7, "pitch": -37.5},
        {"x": -59, "y": 179, "z": 134, "yaw": 33.4, "pitch": -34.6},
        {"x": -55, "y": 174, "z": 130, "yaw": -117, "pitch": 36.1},
        {"x": -58, "y": 179, "z": 130, "yaw": 133.2, "pitch": -59.3},
        {"x": -60, "y": 177, "z": 128, "yaw": 130.1, "pitch": -13.4},
        {"x": -57, "y": 179, "z": 130, "yaw": 179.6, "pitch": -79.9},
        {"x": -60, "y": 179, "z": 133, "yaw": 57.2, "pitch": -35.6},
        {"x": -57, "y": 174, "z": 129, "yaw": 0, "pitch": 38.8},
        {"x": -55, "y": 178, "z": 134, "yaw": -37.5, "pitch": -23.7},
        {"x": -58, "y": 179, "z": 134, "yaw": 19.5, "pitch": -37.1},
        {"x": -60, "y": 175, "z": 133, "yaw": 47.5, "pitch": 13.8},
        {"x": -59, "y": 178, "z": 129, "yaw": 128.2, "pitch": -29.8},
        {"x": -54, "y": 178, "z": 134, "yaw": -49.4, "pitch": -19.7},
        {"x": -59, "y": 174, "z": 131, "yaw": 90.3, "pitch": 39.3},
        {"x": -59, "y": 175, "z": 128, "yaw": 141.8, "pitch": 19.1},
        {"x": -58, "y": 175, "z": 128, "yaw": 156.0, "pitch": 23.4},
        {"x": -58, "y": 176, "z": 128, "yaw": 156.0, "pitch": 2.2},
        {"x": -58, "y": 177, "z": 128, "yaw": 156.0, "pitch": -16.9},
        {"x": -59, "y": 174, "z": 129, "yaw": 134.7, "pitch": 29.8},
        {"x": -58, "y": 174, "z": 129, "yaw": 153.0, "pitch": 35.8},
        {"x": -59, "y": 174, "z": 130, "yaw": 115.8, "pitch": 36.2},
        {"x": -57, "y": 174, "z": 133, "yaw": 0.2, "pitch": 38.9},
        {"x": -56, "y": 174, "z": 133, "yaw": -26.5, "pitch": 35.5},
        {"x": -53, "y": 177, "z": 130, "yaw": -97.3, "pitch": -8.1},
        {"x": -53, "y": 176, "z": 130, "yaw": -97.3, "pitch": 2.3},
        {"x": -53, "y": 175, "z": 130, "yaw": -97.6, "pitch": 15.9},
        {"x": -53, "y": 174, "z": 130, "yaw": -97.6, "pitch": 24.2},
        {"x": -53, "y": 178, "z": 131, "yaw": -90.0, "pitch": -20.4},
        {"x": -61, "y": 177, "z": 128, "yaw": 124.8, "pitch": -10.6},
        {"x": -60, "y": 180, "z": 131, "yaw": 89.7, "pitch": -50.1},
        {"x": -59, "y": 180, "z": 130, "yaw": 107.6, "pitch": -54.6},
        {"x": -61, "y": 179, "z": 132, "yaw": 80.8, "pitch": -32.6},
        {"x": -55, "y": 174, "z": 134, "yaw": -37.0, "pitch": 27.0}
      ],
      "blacklist": [
        {"x": -60, "y": 175, "z": 132},
        {"x": -56, "y": 179, "z": 134},
        {"x": -57, "y": 179, "z": 134},
        {"x": -57, "y": 174, "z": 129},
        {"x": -58, "y": 174, "z": 133},
        {"x": -59, "y": 174, "z": 133},
        {"x": -60, "y": 174, "z": 132},
        {"x": -53, "y": 179, "z": 133},
        {"x": -53, "y": 178, "z": 134},
        {"x": -61, "y": 179, "z": 129},
        {"x": -53, "y": 177, "z": 135},
        {"x": -54, "y": 164, "z": 135},
        {"x": -61, "y": 180, "z": 129},
        {"x": -59, "y": 180, "z": 132},
        {"x": -53, "y": 179, "z": 135},
        {"x": -61, "y": 180, "z": 131},
        {"x": -54, "y": 174, "z": 135},
        {"x": -61, "y": 180, "z": 130},
        {"x": -61, "y": 178, "z": 128},
        {"x": -57, "y": 180, "z": 134},
        {"x": -61, "y": 180, "z": 133},
        {"x": -60, "y": 180, "z": 133},
        {"x": -54, "y": 179, "z": 135},
        {"x": -54, "y": 174, "z": 132},
        {"x": -55, "y": 174, "z": 132},
        {"x": -59, "y": 179, "z": 134},
        {"x": -59, "y": 180, "z": 134},
        {"x": -58, "y": 180, "z": 134}
      ]
    },
    {
      "center_x": 63.5,
      "center_y": 222,
      "center_z": -141.5,
      "blocks": [
        "block.minecraft.gray_wool",
        "block.minecraft.light_blue_wool",
        "block.minecraft.prismarine",
        "block.minecraft.polished_diorite",
        "block.minecraft.dark_prismarine"
      ],
      "pickbolus": {
        "yaw": 155.2,
        "pitch": 30.2
      },
      "randomer": {
        "x": 0.7,
        "y": 0.7,
        "yaw": 0.7,
        "pitch": 0.7
      },
      "custom_rotations": [
        {"x": 65, "y": 221, "z": -144, "yaw": -142.9, "pitch": 39.4},
        {"x": 65, "y": 221, "z": -144, "yaw": -142.9, "pitch": 22.9},
        {"x": 65, "y": 221, "z": -144, "yaw": -142.9, "pitch": 2.2},
        {"x": 65, "y": 221, "z": -143, "yaw": -123.9, "pitch": 48.9},
        {"x": 65, "y": 223, "z": -144, "yaw": -142.6, "pitch": 2.4},
        {"x": 65, "y": 223, "z": -140, "yaw": -37.0, "pitch": 1.5},
        {"x": 65, "y": 222, "z": -144, "yaw": -142.8, "pitch": 22.2},
        {"x": 65, "y": 224, "z": -140, "yaw": -37.8, "pitch": -18.5},
        {"x": 65, "y": 225, "z": -139, "yaw": -28.4, "pitch": -29.8},
        {"x": 65, "y": 226, "z": -139, "yaw": -26.7, "pitch": -39.0},
        {"x": 65, "y": 225, "z": -139, "yaw": -26.8, "pitch": -29.3},
        {"x": 65, "y": 224, "z": -139, "yaw": -26.8, "pitch": -15.2},
        {"x": 65, "y": 225, "z": -141, "yaw": -56.6, "pitch": -45.1},
        {"x": 65, "y": 225, "z": -140, "yaw": -36.7, "pitch": -36.1},
        {"x": 62, "y": 224, "z": -144, "yaw": 152.8, "pitch": -9.3},
        {"x": 63, "y": 221, "z": -146, "yaw": 180.0, "pitch": 34.8},
        {"x": 65, "y": 225, "z": -138, "yaw": -21.9, "pitch": -24.6},
        {"x": 64, "y": 221, "z": -141, "yaw": -27.1, "pitch": 61.4},
        {"x": 63, "y": 225, "z": -143, "yaw": 180, "pitch": -74.0},
        {"x": 64, "y": 226, "z": -141, "yaw": -43.1, "pitch": -58.9},
        {"x": 63, "y": 224, "z": -144, "yaw": 180, "pitch": -10.7},
        {"x": 62, "y": 224, "z": -143, "yaw": 134.7, "pitch": -14.7},
        {"x": 64, "y": 224, "z": -144, "yaw": -155.1, "pitch": -9.2},
        {"x": 64, "y": 222, "z": -140, "yaw": -27.6, "pitch": 15.5},
        {"x": 64, "y": 222, "z": -139, "yaw": -9.5, "pitch": 19.1},
        {"x": 60, "y": 224, "z": -145, "yaw": 129.9, "pitch": -6.6},
        {"x": 64, "y": 221, "z": -139, "yaw": -10.2, "pitch": 34.9}
      ],
      "blacklist": [
        {"x": 65, "y": 223, "z": -139},
        {"x": 65, "y": 222, "z": -140},
        {"x": 65, "y": 224, "z": -138},
        {"x": 65, "y": 226, "z": -138},
        {"x": 64, "y": 227, "z": -138},
        {"x": 60, "y": 222, "z": -146},
        {"x": 61, "y": 223, "z": -146},
        {"x": 59, "y": 221, "z": -146},
        {"x": 59, "y": 222, "z": -146},
        {"x": 64, "y": 227, "z": -139},
        {"x": 63, "y": 227, "z": -139},
        {"x": 63, "y": 227, "z": -140},
        {"x": 63, "y": 227, "z": -141},
        {"x": 62, "y": 227, "z": -142}
      ]
    },
    {
      "center_x": -51.5,
      "center_y": 153,
      "center_z": 170.5,
      "blocks": [
        "block.minecraft.gray_wool",
        "block.minecraft.light_blue_wool",
        "block.minecraft.prismarine",
        "block.minecraft.polished_diorite",
        "block.minecraft.dark_prismarine"
      ],
      "pickbolus": {
        "yaw": -37.2,
        "pitch": 15.5
      },
      "randomer": {
        "x": 0.7,
        "y": 0.7,
        "yaw": 0.7,
        "pitch": 0.7
      },
      "custom_rotations": [
        {"x": -53, "y": 152, "z": 174, "yaw": 7.4, "pitch": 26.3},
        {"x": -53, "y": 152, "z": 173, "yaw": 9.6, "pitch": 34.8},
        {"x": -50, "y": 156, "z": 174, "yaw": -26, "pitch": -20.3},
        {"x": -51, "y": 157, "z": 167, "yaw": -162.8, "pitch": -36.6},
        {"x": -55, "y": 153, "z": 169, "yaw": 108.3, "pitch": 11.3},
        {"x": -54, "y": 153, "z": 168, "yaw": 134.3, "pitch": 12.7},
        {"x": -54, "y": 153, "z": 169, "yaw": 115.2, "pitch": 15.4},
        {"x": -51, "y": 153, "z": 168, "yaw": -154, "pitch": 15.8},
        {"x": -51, "y": 158, "z": 168, "yaw": -164.5, "pitch": -64},
        {"x": -49, "y": 158, "z": 171, "yaw": -68.9, "pitch": -52.9},
        {"x": -50, "y": 158, "z": 172, "yaw": -48.3, "pitch": -55.1},
        {"x": -52, "y": 158, "z": 167, "yaw": 180, "pitch": -54.5}
      ],
      "blacklist": [
        {"x": -49, "y": 156, "z": 174},
        {"x": -53, "y": 151, "z": 174},
        {"x": -49, "y": 157, "z": 174},
        {"x": -51, "y": 158, "z": 172},
        {"x": -49, "y": 157, "z": 173},
        {"x": -53, "y": 153, "z": 167},
        {"x": -55, "y": 154, "z": 167},
        {"x": -52, "y": 153, "z": 167},
        {"x": -52, "y": 154, "z": 167},
        {"x": -51, "y": 152, "z": 169},
        {"x": -49, "y": 158, "z": 170},
        {"x": -50, "y": 158, "z": 169},
        {"x": -51, "y": 158, "z": 167},
        {"x": -49, "y": 158, "z": 169},
        {"x": -55, "y": 158, "z": 168},
        {"x": -50, "y": 158, "z": 168},
        {"x": -50, "y": 158, "z": 167}
      ]
    }
  ]
}
